,epoca,tamanho do vetor,chave,SM,BS,BSO,BB
0,0,10,7,8.050003089010715e-05,1.780001912266016e-05,1.5400000847876072e-05,[0.00011959997937083244]
1,1,10,1,3.790005575865507e-05,2.1999934688210487e-05,2.2400054149329662e-05,[2.5900080800056458e-05]
2,2,10,2,4.199997056275606e-05,1.9999919459223747e-05,1.3899989426136017e-05,[1.3299984857439995e-05]
3,3,10,8,8.859997615218163e-05,2.2900057956576347e-05,1.810002140700817e-05,[1.9400031305849552e-05]
4,4,10,7,2.389994915574789e-05,1.3199984095990658e-05,2.4300068616867065e-05,[1.1400086805224419e-05]
5,5,10,3,2.6600086130201817e-05,1.3199984095990658e-05,9.499955922365189e-06,[1.0699965059757233e-05]
6,6,10,8,2.729997504502535e-05,1.1999974958598614e-05,9.899958968162537e-06,[8.199946023523808e-06]
7,7,10,0,0.00013049994595348835,2.5999965146183968e-05,1.9700033590197563e-05,[1.5700003132224083e-05]
8,8,10,4,5.6399963796138763e-05,2.080004196614027e-05,1.0999967344105244e-05,[1.0300078429281712e-05]
9,9,10,3,3.3800024539232254e-05,1.2200092896819115e-05,9.199953638017178e-06,[9.09995287656784e-06]
10,10,10,2,3.0800001695752144e-05,1.3299984857439995e-05,1.0699965059757233e-05,[1.4299992471933365e-05]
11,11,10,6,5.959998816251755e-05,2.019992098212242e-05,1.550000160932541e-05,[3.430002834647894e-05]
12,12,10,7,2.5499961338937283e-05,1.1899974197149277e-05,1.1800089851021767e-05,[8.900067768990993e-06]
13,13,10,3,3.120000474154949e-05,1.1699972674250603e-05,7.699942216277122e-06,[9.399955160915852e-06]
14,14,10,4,4.369998350739479e-05,1.4999997802078724e-05,1.370010431855917e-05,[1.2100092135369778e-05]
15,15,10,3,9.550002869218588e-05,2.719997428357601e-05,2.1000043489038944e-05,[3.4400029107928276e-05]
16,16,10,4,0.00010619999375194311,2.6799971237778664e-05,1.7700018361210823e-05,[1.0699965059757233e-05]
17,17,10,9,3.8100057281553745e-05,1.3199984095990658e-05,9.100069291889668e-06,[1.0399962775409222e-05]
18,18,10,3,5.1600043661892414e-05,2.1600048057734966e-05,1.4899997040629387e-05,[1.5400000847876072e-05]
19,19,10,1,5.989999044686556e-05,3.120000474154949e-05,1.3899989426136017e-05,[2.589996438473463e-05]
20,20,10,4,4.5599997974932194e-05,1.8900027498602867e-05,1.1699972674250603e-05,[1.4099990949034691e-05]
21,21,10,3,4.199997056275606e-05,1.2999982573091984e-05,8.100061677396297e-06,[8.399947546422482e-06]
22,22,10,0,2.5000073947012424e-05,1.079996582120657e-05,1.5099998563528061e-05,[1.2199976481497288e-05]
23,23,10,0,2.889998722821474e-05,2.9099988751113415e-05,1.1500087566673756e-05,[9.00006853044033e-06]
24,24,10,9,4.009995609521866e-05,1.650000922381878e-05,1.00000761449337e-05,[1.2699980288743973e-05]
25,25,10,8,2.7999980375170708e-05,1.8000020645558834e-05,1.3199984095990658e-05,[1.2600095942616463e-05]
26,26,10,4,3.190001007169485e-05,2.189993392676115e-05,2.259993925690651e-05,[2.519995905458927e-05]
27,27,10,1,5.3799943998456e-05,1.6600009985268116e-05,1.0500079952180386e-05,[1.1900090612471104e-05]
28,28,10,3,2.9699993319809437e-05,1.170008908957243e-05,1.170008908957243e-05,[1.0400079190731049e-05]
29,29,10,9,3.200001083314419e-05,1.9300030544400215e-05,1.2299977242946625e-05,[1.009996049106121e-05]
30,30,10,5,2.150004729628563e-05,1.0600080713629723e-05,8.79995059221983e-06,[9.600073099136353e-06]
31,31,10,4,1.9700033590197563e-05,9.699957445263863e-06,1.309998333454132e-05,[8.899951353669167e-06]
32,32,10,7,3.060000017285347e-05,1.479999627918005e-05,1.2399978004395962e-05,[8.399947546422482e-06]
33,33,10,2,1.8200022168457508e-05,1.0699965059757233e-05,6.300047971308231e-06,[7.5999414548277855e-06]
34,34,10,6,3.570003900676966e-05,1.3499986380338669e-05,8.500064723193645e-06,[8.79995059221983e-06]
35,35,10,0,3.9800070226192474e-05,4.379998426884413e-05,7.400056347250938e-06,[9.299954399466515e-06]
36,36,10,3,4.329998046159744e-05,1.3299984857439995e-05,8.999952115118504e-06,[1.3399985618889332e-05]
37,37,10,7,4.6200002543628216e-05,1.880002673715353e-05,1.3899989426136017e-05,[1.1499971151351929e-05]
38,38,10,4,8.070003241300583e-05,2.2499938495457172e-05,1.4499993994832039e-05,[1.810002140700817e-05]
39,39,10,3,2.6699970476329327e-05,1.3100099749863148e-05,7.79994297772646e-06,[1.0900082997977734e-05]
40,40,10,4,4.070007707923651e-05,1.3499986380338669e-05,2.2600055672228336e-05,[2.0399922505021095e-05]
41,41,10,2,4.299997817724943e-05,1.8000020645558834e-05,1.9999919459223747e-05,[2.010003663599491e-05]
42,42,10,1,3.9499951526522636e-05,2.5400076992809772e-05,1.5700003132224083e-05,[1.7600017599761486e-05]
43,43,10,2,5.779997445642948e-05,2.289994154125452e-05,1.4299992471933365e-05,[1.179997343569994e-05]
44,44,10,9,3.9400067180395126e-05,1.8099904991686344e-05,1.4399993233382702e-05,[1.5600002370774746e-05]
45,45,10,1,2.129992935806513e-05,1.2999982573091984e-05,6.900052540004253e-06,[6.9999368861317635e-06]
46,46,10,3,3.6400044336915016e-05,1.5700003132224083e-05,9.800074622035027e-06,[1.0400079190731049e-05]
47,47,10,9,3.5199918784201145e-05,2.929999027401209e-05,2.650008536875248e-05,[1.5600002370774746e-05]
48,48,10,6,0.0002413999754935503,1.580000389367342e-05,1.98000343516469e-05,[1.1299969628453255e-05]
49,49,10,5,4.0499959141016006e-05,1.4099990949034691e-05,1.0300078429281712e-05,[8.299946784973145e-06]
50,50,10,7,3.15000070258975e-05,1.2999982573091984e-05,1.1499971151351929e-05,[9.70007386058569e-06]
51,51,10,1,0.001083899987861514,2.2500054910779e-05,1.3999990187585354e-05,[1.4899997040629387e-05]
52,52,10,1,3.559992182999849e-05,1.5199999324977398e-05,8.800067007541656e-06,[8.899951353669167e-06]
53,53,10,5,6.250001024454832e-05,2.729997504502535e-05,2.1099927835166454e-05,[1.7600017599761486e-05]
54,54,10,9,7.459998596459627e-05,2.059992402791977e-05,1.5700003132224083e-05,[1.0599964298307896e-05]
55,55,10,9,2.95999925583601e-05,1.8399907276034355e-05,1.5600002370774746e-05,[3.69000481441617e-05]
56,56,10,6,3.490003291517496e-05,1.9299914129078388e-05,1.3699987903237343e-05,[1.4099990949034691e-05]
57,57,10,2,3.9899954572319984e-05,1.3100099749863148e-05,7.400056347250938e-06,[6.4999330788850784e-06]
58,58,10,9,6.910006050020456e-05,1.650000922381878e-05,1.4299992471933365e-05,[1.5300000086426735e-05]
59,59,10,6,0.00012980005703866482,1.7300015315413475e-05,1.750001683831215e-05,[1.309998333454132e-05]
60,60,10,0,0.026149200042709708,2.619996666908264e-05,1.7300015315413475e-05,[9.7999582067132e-06]
61,61,10,1,4.7600013203918934e-05,1.5900004655122757e-05,8.70006624609232e-06,[7.699942216277122e-06]
62,62,10,8,4.800001624971628e-05,1.7700018361210823e-05,1.4499993994832039e-05,[1.1100084520876408e-05]
63,63,10,4,5.000003147870302e-05,1.9799917936325073e-05,1.070008147507906e-05,[7.5999414548277855e-06]
64,64,10,0,0.0002738999901339412,1.5400000847876072e-05,8.09994526207447e-06,[6.300047971308231e-06]
65,65,10,8,2.7999980375170708e-05,8.70006624609232e-06,6.7999353632330894e-06,[7.70005863159895e-06]
66,66,10,5,6.7099928855896e-05,1.7299898900091648e-05,1.4999997802078724e-05,[1.4399993233382702e-05]
67,67,10,0,0.0009845999302342534,1.9200029782950878e-05,9.399955160915852e-06,[1.1199968867003918e-05]
68,68,10,2,7.619999814778566e-05,1.0699965059757233e-05,7.500057108700275e-06,[9.199953638017178e-06]
69,69,10,2,5.6399963796138763e-05,4.630000330507755e-05,1.8400023691356182e-05,[1.580000389367342e-05]
70,70,10,3,5.5600074119865894e-05,2.510007470846176e-05,1.4599994756281376e-05,[1.209997572004795e-05]
71,71,10,0,2.629996743053198e-05,1.1899974197149277e-05,6.09993003308773e-06,[6.300047971308231e-06]
72,72,10,1,3.890006337314844e-05,1.9000028260052204e-05,4.139996599406004e-05,[2.95999925583601e-05]
73,73,10,4,4.700000863522291e-05,1.7300015315413475e-05,1.0999967344105244e-05,[1.1499971151351929e-05]
74,74,10,3,1.4899997040629387e-05,1.0199961252510548e-05,7.300055585801601e-06,[7.200054824352264e-06]
75,75,10,1,1.4299992471933365e-05,6.7999353632330894e-06,4.900037311017513e-06,[4.500034265220165e-06]
76,76,10,0,2.7999980375170708e-05,1.1199968867003918e-05,7.699942216277122e-06,[7.3999399319291115e-06]
77,77,10,6,4.070007707923651e-05,1.4999997802078724e-05,9.100069291889668e-06,[8.70006624609232e-06]
78,78,10,1,7.750000804662704e-05,2.5499961338937283e-05,9.899958968162537e-06,[6.600050255656242e-06]
79,79,10,1,4.870002157986164e-05,1.2800097465515137e-05,3.5400036722421646e-05,[1.3999990187585354e-05]
80,80,10,1,5.909998435527086e-05,1.2200092896819115e-05,7.00005330145359e-06,[6.299931555986404e-06]
81,81,10,4,3.8100057281553745e-05,1.5099998563528061e-05,8.79995059221983e-06,[5.499925464391708e-06]
82,82,10,1,3.6400044336915016e-05,1.610000617802143e-05,1.0699965059757233e-05,[8.899951353669167e-06]
83,83,10,3,3.360002301633358e-05,1.0699965059757233e-05,7.6000578701496124e-06,[8.199946023523808e-06]
84,84,10,4,4.2199972085654736e-05,1.1599971912801266e-05,1.3399985618889332e-05,[1.209997572004795e-05]
85,85,10,2,3.930006641894579e-05,1.1999974958598614e-05,8.599949069321156e-06,[7.200054824352264e-06]
86,86,10,0,3.679993096739054e-05,1.5099998563528061e-05,1.279998105019331e-05,[1.0599964298307896e-05]
87,87,10,4,3.520003519952297e-05,1.0899966582655907e-05,6.9999368861317635e-06,[1.0499963536858559e-05]
88,88,10,5,4.160008393228054e-05,2.1900050342082977e-05,9.499955922365189e-06,[5.600042641162872e-06]
89,89,10,6,4.579999949783087e-05,1.9000028260052204e-05,1.3199984095990658e-05,[9.699957445263863e-06]
90,90,10,4,3.829994238913059e-05,1.7300015315413475e-05,1.3299984857439995e-05,[7.800059393048286e-06]
91,91,10,5,4.269997589290142e-05,1.5099998563528061e-05,1.2299977242946625e-05,[3.190001007169485e-05]
92,92,10,0,5.3600058890879154e-05,2.589996438473463e-05,1.4399993233382702e-05,[1.2899981811642647e-05]
93,93,10,1,8.460006210952997e-05,1.5300000086426735e-05,9.599956683814526e-06,[7.100054062902927e-06]
94,94,10,3,0.0001097000204026699,1.7699901945888996e-05,8.299946784973145e-06,[8.300063200294971e-06]
95,95,10,3,0.00013669999316334724,2.550007775425911e-05,1.4599994756281376e-05,[1.2499978765845299e-05]
96,96,10,2,3.539992030709982e-05,2.8499984182417393e-05,1.1100084520876408e-05,[1.2499978765845299e-05]
97,97,10,5,1.6900012269616127e-05,7.2999391704797745e-06,5.200039595365524e-06,[4.599918611347675e-06]
98,98,10,2,2.3400061763823032e-05,8.399947546422482e-06,8.100061677396297e-06,[8.499948307871819e-06]
99,99,10,3,1.680001150816679e-05,4.440010525286198e-05,2.629996743053198e-05,[2.210005186498165e-05]
100,0,100,64,0.00011869997251778841,3.299990203231573e-05,3.320001997053623e-05,[9.299954399466515e-06]
101,1,100,12,6.310001481324434e-05,2.6399968191981316e-05,7.300055585801601e-06,[8.699949830770493e-06]
102,2,100,35,0.0001433000434190035,4.199997056275606e-05,2.6999972760677338e-05,[1.2999982573091984e-05]
103,3,100,65,0.0007751999655738473,3.0399998649954796e-05,3.7400051951408386e-05,[1.2299977242946625e-05]
104,4,100,15,0.00010810000821948051,1.7699901945888996e-05,1.2999982573091984e-05,[1.2499978765845299e-05]
105,5,100,75,2.7799978852272034e-05,2.850010059773922e-05,3.879994619637728e-05,[1.6000005416572094e-05]
106,6,100,21,0.00011650007218122482,6.930006202310324e-05,2.0200037397444248e-05,[1.6400008462369442e-05]
107,7,100,23,4.8200017772614956e-05,2.1799933165311813e-05,1.6300007700920105e-05,[9.499955922365189e-06]
108,8,100,91,2.5699962861835957e-05,1.1599971912801266e-05,4.039995837956667e-05,[1.0600080713629723e-05]
109,9,100,28,5.439994856715202e-05,5.419994704425335e-05,2.2900057956576347e-05,[1.610000617802143e-05]
110,10,100,91,2.6700086891651154e-05,3.350002225488424e-05,3.999995533376932e-05,[1.0199961252510548e-05]
111,11,100,42,0.00017889996524900198,5.340005736798048e-05,3.260001540184021e-05,[1.4999997802078724e-05]
112,12,100,46,3.220001235604286e-05,1.9699917174875736e-05,1.5600002370774746e-05,[1.3900105841457844e-05]
113,13,100,28,4.269997589290142e-05,1.750001683831215e-05,1.7000013031065464e-05,[1.4599994756281376e-05]
114,14,100,3,3.609992563724518e-05,4.070007707923651e-05,7.2999391704797745e-06,[1.0400079190731049e-05]
115,15,100,70,0.0001086000120267272,0.0008815000765025616,4.509999416768551e-05,[1.3199984095990658e-05]
116,16,100,44,4.6200002543628216e-05,3.499991726130247e-05,2.459995448589325e-05,[1.4699995517730713e-05]
117,17,100,19,6.760004907846451e-05,2.8699985705316067e-05,1.3499986380338669e-05,[1.3699987903237343e-05]
118,18,100,35,9.039998985826969e-05,3.620004281401634e-05,2.6999972760677338e-05,[2.180004958063364e-05]
119,19,100,8,3.69000481441617e-05,1.9700033590197563e-05,1.3199984095990658e-05,[1.5700003132224083e-05]
120,20,100,6,4.779989831149578e-05,1.0999967344105244e-05,5.700043402612209e-06,[6.00004568696022e-06]
121,21,100,2,5.419994704425335e-05,3.060000017285347e-05,6.299931555986404e-06,[8.09994526207447e-06]
122,22,100,49,3.1800009310245514e-05,3.730005118995905e-05,2.719997428357601e-05,[7.999944500625134e-06]
123,23,100,14,4.719989374279976e-05,4.640000406652689e-05,1.4399993233382702e-05,[1.0499963536858559e-05]
124,24,100,61,1.8900027498602867e-05,1.2299977242946625e-05,2.2300053387880325e-05,[5.799927748739719e-06]
125,25,100,96,2.2500054910779e-05,1.4899997040629387e-05,2.3700064048171043e-05,[6.800051778554916e-06]
126,26,100,18,0.00015590002294629812,4.7999899834394455e-05,2.1700048819184303e-05,[1.8000020645558834e-05]
127,27,100,80,1.9300030544400215e-05,1.6900012269616127e-05,4.320009611546993e-05,[1.5900004655122757e-05]
128,28,100,32,5.340005736798048e-05,5.030003376305103e-05,1.9799917936325073e-05,[1.0199961252510548e-05]
129,29,100,70,3.390002530068159e-05,2.3999949917197227e-05,3.339990507811308e-05,[1.4399993233382702e-05]
130,30,100,27,3.120000474154949e-05,0.00010760000441223383,0.00013160007074475288,[1.7400016076862812e-05]
131,31,100,25,4.7200010158121586e-05,4.810001701116562e-05,2.359994687139988e-05,[1.8900027498602867e-05]
132,32,100,16,6.120000034570694e-05,3.870006185024977e-05,1.2499978765845299e-05,[1.5700003132224083e-05]
133,33,100,18,2.7699978090822697e-05,4.060007631778717e-05,1.4299992471933365e-05,[1.109996810555458e-05]
134,34,100,37,5.549995694309473e-05,0.0006244999822229147,2.9199989512562752e-05,[1.8700025975704193e-05]
135,35,100,53,3.600004129111767e-05,1.4299992471933365e-05,2.859998494386673e-05,[9.899958968162537e-06]
136,36,100,78,2.8699985705316067e-05,2.3799948394298553e-05,3.470003139227629e-05,[9.699957445263863e-06]
137,37,100,41,3.290001768618822e-05,3.1400006264448166e-05,3.4199911169707775e-05,[1.650000922381878e-05]
138,38,100,27,3.8199941627681255e-05,2.5799963623285294e-05,2.659996971487999e-05,[3.100000321865082e-05]
139,39,100,49,8.179992437362671e-05,1.9499915651977062e-05,2.5999965146183968e-05,[8.900067768990993e-06]
140,40,100,49,3.77000542357564e-05,1.8000020645558834e-05,2.41999514400959e-05,[4.600035026669502e-06]
141,41,100,71,3.1299889087677e-05,2.95999925583601e-05,3.429991193115711e-05,[1.1100084520876408e-05]
142,42,100,44,5.6900084018707275e-05,2.3000058718025684e-05,3.220001235604286e-05,[1.6000005416572094e-05]
143,43,100,60,5.6900084018707275e-05,0.00015279999934136868,2.5799963623285294e-05,[1.1299969628453255e-05]
144,44,100,26,2.459995448589325e-05,1.4399993233382702e-05,1.5099998563528061e-05,[9.300070814788342e-06]
145,45,100,50,1.7000013031065464e-05,1.3800105080008507e-05,1.4399993233382702e-05,[8.199946023523808e-06]
146,46,100,10,3.6400044336915016e-05,2.9399991035461426e-05,1.4699995517730713e-05,[1.7700018361210823e-05]
147,47,100,23,0.00016820000018924475,4.0599959902465343e-05,2.720009069889784e-05,[3.060000017285347e-05]
148,48,100,53,8.5500068962574e-05,3.630004357546568e-05,3.400002606213093e-05,[3.130000550299883e-05]
149,49,100,86,0.0001441999338567257,1.9700033590197563e-05,4.1100080125033855e-05,[1.0399962775409222e-05]
150,50,100,30,4.409998655319214e-05,1.4999997802078724e-05,2.1999934688210487e-05,[1.9900035113096237e-05]
151,51,100,31,3.070000093430281e-05,2.210005186498165e-05,1.0399962775409222e-05,[6.200047209858894e-06]
152,52,100,71,1.8300022929906845e-05,1.2399978004395962e-05,1.7300015315413475e-05,[1.1599971912801266e-05]
153,53,100,32,6.7099928855896e-05,5.389994475990534e-05,1.8600025214254856e-05,[1.1900090612471104e-05]
154,54,100,22,5.889998283237219e-05,2.5700079277157784e-05,1.7700018361210823e-05,[3.1100003980100155e-05]
155,55,100,54,5.2600051276385784e-05,2.080004196614027e-05,2.7499976567924023e-05,[1.0199961252510548e-05]
156,56,100,93,4.2199972085654736e-05,2.9799994081258774e-05,3.6400044336915016e-05,[1.0400079190731049e-05]
157,57,100,46,4.20999713242054e-05,2.3799948394298553e-05,2.510007470846176e-05,[1.0199961252510548e-05]
158,58,100,20,7.720000576227903e-05,5.240004975348711e-05,1.6300007700920105e-05,[7.400056347250938e-06]
159,59,100,91,1.850002445280552e-05,1.0399962775409222e-05,2.1399930119514465e-05,[6.500049494206905e-06]
160,60,100,58,2.0499923266470432e-05,2.7900096029043198e-05,2.110004425048828e-05,[2.2699940018355846e-05]
161,61,100,42,5.819997750222683e-05,5.6900084018707275e-05,3.2899901270866394e-05,[1.7799902707338333e-05]
162,62,100,80,6.950006354600191e-05,3.170000854879618e-05,4.309997893869877e-05,[2.5399960577487946e-05]
163,63,100,89,6.180000491440296e-05,1.0399962775409222e-05,3.800005652010441e-05,[1.680001150816679e-05]
164,64,100,70,4.759989678859711e-05,2.7499976567924023e-05,2.489995677024126e-05,[1.1699972674250603e-05]
165,65,100,58,8.36000544950366e-05,1.479999627918005e-05,1.7000013031065464e-05,[7.100054062902927e-06]
166,66,100,8,3.15000070258975e-05,3.0399998649954796e-05,8.100061677396297e-06,[9.00006853044033e-06]
167,67,100,83,3.50000336766243e-05,3.5400036722421646e-05,3.9100064896047115e-05,[9.200070053339005e-06]
168,68,100,27,0.00021520000882446766,2.9399991035461426e-05,2.219993621110916e-05,[1.1200085282325745e-05]
169,69,100,25,3.660004585981369e-05,1.4999997802078724e-05,1.1499971151351929e-05,[1.0499963536858559e-05]
170,70,100,50,8.669996168464422e-05,3.070000093430281e-05,3.6499928683042526e-05,[2.1200045011937618e-05]
171,71,100,33,7.399998139590025e-05,4.710000939667225e-05,7.650000043213367e-05,[1.1599971912801266e-05]
172,72,100,31,3.590004052966833e-05,3.330002073198557e-05,4.610000178217888e-05,[1.2699980288743973e-05]
173,73,100,40,4.2499974370002747e-05,3.950006794184446e-05,2.619996666908264e-05,[9.499955922365189e-06]
174,74,100,43,3.370002377778292e-05,3.1400006264448166e-05,5.149992648512125e-05,[1.9000028260052204e-05]
175,75,100,12,5.609996151179075e-05,4.970002919435501e-05,1.6000005416572094e-05,[5.4699950851500034e-05]
176,76,100,41,4.75000124424696e-05,2.8799986466765404e-05,2.5699962861835957e-05,[1.3499986380338669e-05]
177,77,100,1,3.390002530068159e-05,4.9299909733235836e-05,9.399955160915852e-06,[1.3899989426136017e-05]
178,78,100,37,7.010006811469793e-05,2.6099965907633305e-05,2.4399952962994576e-05,[2.0399922505021095e-05]
179,79,100,56,3.6800047382712364e-05,2.420006785541773e-05,1.6400008462369442e-05,[8.100061677396297e-06]
180,80,100,44,5.949998740106821e-05,2.529995981603861e-05,0.0003002999583259225,[1.810002140700817e-05]
181,81,100,73,5.0600036047399044e-05,3.0399998649954796e-05,3.909994848072529e-05,[1.2199976481497288e-05]
182,82,100,52,6.38000201433897e-05,2.5700079277157784e-05,3.4899916499853134e-05,[2.719997428357601e-05]
183,83,100,20,6.419990677386522e-05,1.7400016076862812e-05,2.5099958293139935e-05,[4.600000102072954e-05]
184,84,100,96,1.7799902707338333e-05,1.880002673715353e-05,3.869994543492794e-05,[2.220005262643099e-05]
185,85,100,58,1.8600025214254856e-05,2.0099920220673084e-05,1.5600002370774746e-05,[5.799927748739719e-06]
186,86,100,94,3.100000321865082e-05,2.8399983420968056e-05,2.6399968191981316e-05,[6.600050255656242e-06]
187,87,100,12,2.8499984182417393e-05,1.00000761449337e-05,1.3300101272761822e-05,[9.7999582067132e-06]
188,88,100,31,4.099996294826269e-05,1.4899997040629387e-05,1.0399962775409222e-05,[6.900052540004253e-06]
189,89,100,7,2.9799994081258774e-05,8.500064723193645e-06,5.400041118264198e-06,[6.299931555986404e-06]
190,90,100,45,6.240000948309898e-05,1.0499963536858559e-05,1.309998333454132e-05,[5.600042641162872e-06]
191,91,100,61,8.130003698170185e-05,1.9900035113096237e-05,4.100007936358452e-05,[2.3300061002373695e-05]
192,92,100,90,7.800001185387373e-05,2.759997732937336e-05,4.7999899834394455e-05,[1.3299984857439995e-05]
193,93,100,50,3.829994238913059e-05,4.0100072510540485e-05,2.659996971487999e-05,[1.1899974197149277e-05]
194,94,100,36,1.7600017599761486e-05,1.7700018361210823e-05,1.0899966582655907e-05,[5.200039595365524e-06]
195,95,100,47,1.850002445280552e-05,3.260001540184021e-05,2.8399983420968056e-05,[1.3999990187585354e-05]
196,96,100,42,3.42000275850296e-05,4.8600020818412304e-05,2.3999949917197227e-05,[9.400071576237679e-06]
197,97,100,40,2.829998265951872e-05,4.199997056275606e-05,2.319994382560253e-05,[1.3499986380338669e-05]
198,98,100,76,5.5299955420196056e-05,7.779989391565323e-05,4.12999652326107e-05,[1.1399970389902592e-05]
199,99,100,70,2.0499923266470432e-05,7.2999391704797745e-06,1.9000028260052204e-05,[1.2500095181167126e-05]
200,0,1000,852,0.00045330007560551167,0.00011600006837397814,0.0006198999471962452,[5.979998968541622e-05]
201,1,1000,407,0.00013960001524537802,8.290004916489124e-05,0.00028010003734380007,[3.950006794184446e-05]
202,2,1000,19,0.00018440000712871552,0.00011829996947199106,3.66999302059412e-05,[4.229997284710407e-05]
203,3,1000,984,0.00010489998385310173,0.00010060006752610207,0.00026549992617219687,[7.70005863159895e-06]
204,4,1000,675,0.00011830008588731289,0.000269399955868721,0.0007340000011026859,[2.459995448589325e-05]
205,5,1000,47,0.00017770007252693176,0.00036260008346289396,3.6100042052567005e-05,[2.189993392676115e-05]
206,6,1000,760,0.00020659994333982468,0.00010910001583397388,0.00029319990426301956,[2.5499961338937283e-05]
207,7,1000,451,0.00020460004452615976,0.00021129997912794352,0.00029699993319809437,[2.1700048819184303e-05]
208,8,1000,141,0.00013369997031986713,0.0003386000171303749,6.719992961734533e-05,[1.6900012269616127e-05]
209,9,1000,579,0.0001278999261558056,8.270004764199257e-05,0.0002394000766798854,[1.5900004655122757e-05]
210,10,1000,182,0.0001194999786093831,9.879993740469217e-05,0.0008836999768391252,[1.9999919459223747e-05]
211,11,1000,179,0.00021620001643896103,0.00022099993657320738,8.430005982518196e-05,[1.750001683831215e-05]
212,12,1000,665,0.0001561000244691968,0.0003958999877795577,0.0006222999654710293,[2.859998494386673e-05]
213,13,1000,295,0.001254500006325543,0.00043290003668516874,0.00019509997218847275,[2.3300061002373695e-05]
214,14,1000,982,0.00016220007091760635,0.00012229999992996454,0.0006105001084506512,[2.259993925690651e-05]
215,15,1000,467,0.00011519994586706161,0.00032870005816221237,0.0002682999474927783,[1.2199976481497288e-05]
216,16,1000,802,0.00023560004774481058,0.0004447000101208687,0.0005817000055685639,[3.250001464039087e-05]
217,17,1000,973,0.00017779995687305927,3.450002986937761e-05,0.000556300044991076,[1.7700018361210823e-05]
218,18,1000,960,0.00032599992118775845,0.00019339995924383402,0.0007255000527948141,[2.420006785541773e-05]
219,19,1000,586,0.00017490005120635033,0.00020760006736963987,0.0003451999509707093,[3.47999157384038e-05]
220,20,1000,465,0.0009239999344572425,0.00010490010026842356,0.0001343999756500125,[1.1899974197149277e-05]
221,21,1000,615,0.00011910009197890759,0.00022409996017813683,0.00022440007887780666,[2.7400092221796513e-05]
222,22,1000,663,9.890005458146334e-05,5.309993866831064e-05,0.00020250002853572369,[1.6700010746717453e-05]
223,23,1000,979,0.0002547000767663121,0.0004651000490412116,0.0010459000477567315,[2.289994154125452e-05]
224,24,1000,630,0.00010960001964122057,3.879994619637728e-05,0.0001767999492585659,[1.2699980288743973e-05]
225,25,1000,742,0.00013049994595348835,0.000152900000102818,0.0001895000459626317,[9.599956683814526e-06]
226,26,1000,350,9.14999982342124e-05,0.00012539990711957216,0.0001023000804707408,[1.3399985618889332e-05]
227,27,1000,569,0.0001012999564409256,5.7699973694980145e-05,0.00018039997667074203,[1.4299992471933365e-05]
228,28,1000,937,8.859997615218163e-05,2.219993621110916e-05,0.0002682000631466508,[8.499948307871819e-06]
229,29,1000,688,0.00012499990407377481,8.699996396899223e-05,0.00019100005738437176,[1.6799895092844963e-05]
230,30,1000,47,0.0001436000457033515,5.759997293353081e-05,2.359994687139988e-05,[1.7700018361210823e-05]
231,31,1000,164,0.0001911999424919486,0.0003819999983534217,8.409994188696146e-05,[1.4999997802078724e-05]
232,32,1000,506,0.0001476999605074525,0.0003674000035971403,0.00034799997229129076,[2.0600040443241596e-05]
233,33,1000,278,0.0002177999122068286,4.6200002543628216e-05,8.220004383474588e-05,[1.4099990949034691e-05]
234,34,1000,182,0.0001669999910518527,5.2600051276385784e-05,6.049999501556158e-05,[1.0599964298307896e-05]
235,35,1000,372,9.590003173798323e-05,0.00011910009197890759,0.00013869989197701216,[1.0899966582655907e-05]
236,36,1000,549,0.00022499996703118086,1.3299984857439995e-05,0.0002476000227034092,[1.4399993233382702e-05]
237,37,1000,476,0.001015600049868226,0.00034119992051273584,0.0004187000449746847,[3.320001997053623e-05]
238,38,1000,531,0.00030690000858157873,0.0003711999161168933,0.0003461999585852027,[2.1799933165311813e-05]
239,39,1000,757,9.109999518841505e-05,0.0002313000150024891,0.0003860999131575227,[2.5499961338937283e-05]
240,40,1000,661,0.0001012999564409256,0.0001865999074652791,0.000467300065793097,[2.750009298324585e-05]
241,41,1000,619,0.0001346999779343605,8.87999776750803e-05,0.0005248000379651785,[3.5100034438073635e-05]
242,42,1000,594,0.00047149998135864735,1.5300000086426735e-05,0.00040110002737492323,[2.4399952962994576e-05]
243,43,1000,670,7.920002099126577e-05,5.500006955116987e-05,0.00017150002531707287,[7.79994297772646e-06]
244,44,1000,76,8.720008190721273e-05,0.00015980005264282227,1.9299914129078388e-05,[7.900060154497623e-06]
245,45,1000,999,0.00010920001659542322,3.809994086623192e-05,0.00030149996746331453,[2.9799994081258774e-05]
246,46,1000,712,0.00010790000669658184,6.200000643730164e-05,0.0002701999619603157,[2.2099935449659824e-05]
247,47,1000,361,0.0001276000402867794,9.710004087537527e-05,0.00019609997980296612,[1.6399892047047615e-05]
248,48,1000,600,0.00013320008292794228,6.170000415295362e-05,0.0003375000087544322,[1.3899989426136017e-05]
249,49,1000,853,0.00017340003978461027,0.005382600007578731,0.0005512000061571598,[2.5499961338937283e-05]
250,50,1000,225,9.019998833537102e-05,0.00034929998219013214,5.3900061175227165e-05,[8.400063961744308e-06]
251,51,1000,329,0.00011599995195865631,0.00025729998014867306,0.00011709996033459902,[2.380006480962038e-05]
252,52,1000,216,0.00015300000086426735,6.009999196976423e-05,5.359994247555733e-05,[1.379998866468668e-05]
253,53,1000,115,0.00015710003208369017,2.9999995604157448e-05,5.240004975348711e-05,[1.680001150816679e-05]
254,54,1000,400,0.00015330000314861536,0.0003700000233948231,0.0002354000462219119,[1.8300022929906845e-05]
255,55,1000,994,0.00014709995593875647,0.0002642000326886773,0.0006777000380679965,[2.5699962861835957e-05]
256,56,1000,176,8.720008190721273e-05,9.419990237802267e-05,3.890006337314844e-05,[8.500064723193645e-06]
257,57,1000,721,8.990010246634483e-05,1.2600095942616463e-05,0.00019479996990412474,[9.299954399466515e-06]
258,58,1000,805,0.00023260002490133047,7.119996007531881e-05,0.0005543000297620893,[2.8699985705316067e-05]
259,59,1000,930,0.00036369997542351484,0.00013699999544769526,0.0006148999091237783,[0.00013529998250305653]
260,60,1000,672,0.00011469994205981493,0.000452800071798265,0.0005244000349193811,[2.6400084607303143e-05]
261,61,1000,903,0.00015899993013590574,0.0003657999914139509,0.000573399942368269,[1.9399914890527725e-05]
262,62,1000,857,0.00010290008503943682,0.0002929999027401209,0.0005491999909281731,[2.1499930880963802e-05]
263,63,1000,636,8.68999632075429e-05,3.899994771927595e-05,0.000175400055013597,[9.899958968162537e-06]
264,64,1000,105,8.249992970377207e-05,0.00017009989824146032,2.619996666908264e-05,[1.0199961252510548e-05]
265,65,1000,855,9.220000356435776e-05,7.389998063445091e-05,0.00024309998843818903,[1.3300101272761822e-05]
266,66,1000,655,0.00023309991229325533,0.00032270001247525215,0.00041480001527816057,[2.0300038158893585e-05]
267,67,1000,587,0.00019809999503195286,0.00036530010402202606,0.00039980001747608185,[4.650000482797623e-05]
268,68,1000,453,0.00013319996651262045,0.0008560999995097518,0.0001781000755727291,[1.8299906514585018e-05]
269,69,1000,408,0.00012119999155402184,0.0002437999937683344,0.000148200080730021,[1.2599979527294636e-05]
270,70,1000,363,0.00011589995119720697,0.00015600002370774746,0.00038769992534071207,[3.8899946957826614e-05]
271,71,1000,557,0.00019910000264644623,5.080003757029772e-05,0.0003781999694183469,[3.220001235604286e-05]
272,72,1000,72,0.00015510001685470343,9.180000051856041e-05,3.5100034438073635e-05,[1.079996582120657e-05]
273,73,1000,772,0.00012340000830590725,1.9000028260052204e-05,0.0002999999560415745,[3.100000321865082e-05]
274,74,1000,663,8.070003241300583e-05,0.00013179995585232973,0.0001821999903768301,[1.00000761449337e-05]
275,75,1000,730,0.00014089990872889757,8.999998681247234e-05,0.00020659994333982468,[3.090000245720148e-05]
276,76,1000,706,0.00010689999908208847,0.00017719995230436325,0.0002805000403895974,[1.6300007700920105e-05]
277,77,1000,956,0.00010170007590204477,2.5099958293139935e-05,0.00026300002355128527,[1.0800082236528397e-05]
278,78,1000,886,0.00033179996535182,0.00018009997438639402,0.0005798999918624759,[6.729993037879467e-05]
279,79,1000,155,0.00010349997319281101,4.099996294826269e-05,4.1400082409381866e-05,[8.400063961744308e-06]
280,80,1000,511,8.559995330870152e-05,0.0002055999357253313,0.00029530003666877747,[1.2400094419717789e-05]
281,81,1000,106,0.00011190003715455532,0.00013639999087899923,2.6099965907633305e-05,[9.400071576237679e-06]
282,82,1000,495,0.00011830008588731289,0.0005475999787449837,0.00019059993792325258,[1.6600009985268116e-05]
283,83,1000,454,0.0001287000486627221,7.489998824894428e-05,0.00030990003142505884,[2.720009069889784e-05]
284,84,1000,162,9.23000043258071e-05,0.00011140003334730864,8.120003622025251e-05,[1.3499986380338669e-05]
285,85,1000,34,0.00014140002895146608,0.0001404000213369727,1.880002673715353e-05,[2.010003663599491e-05]
286,86,1000,195,0.00036800000816583633,0.0009850999340415,0.00043370004277676344,[2.0999927073717117e-05]
287,87,1000,728,0.003603899967856705,3.160000778734684e-05,0.0002733999863266945,[1.3399985618889332e-05]
288,88,1000,248,9.550002869218588e-05,0.00042749999556690454,0.00013069994747638702,[1.6200006939470768e-05]
289,89,1000,876,0.00017920008394867182,0.00035550002939999104,0.0006665999535471201,[2.6999972760677338e-05]
290,90,1000,711,9.450002107769251e-05,1.680001150816679e-05,0.00031619996298104525,[1.3299984857439995e-05]
291,91,1000,899,0.0001194000942632556,0.00017040001694113016,0.00027210009284317493,[1.3999990187585354e-05]
292,92,1000,913,0.00020940008107572794,0.00012079998850822449,0.00042269995901733637,[1.479999627918005e-05]
293,93,1000,94,0.00017180002760142088,0.000278900028206408,4.910002462565899e-05,[1.5700003132224083e-05]
294,94,1000,688,0.00011270004324615002,0.0004384999629110098,0.0003003000747412443,[1.4699995517730713e-05]
295,95,1000,773,0.00011769996490329504,0.0001588000450283289,0.00038139999378472567,[2.5799963623285294e-05]
296,96,1000,721,0.00016950001008808613,0.00011140003334730864,0.000493600033223629,[1.98000343516469e-05]
297,97,1000,928,0.00018089998047798872,0.0004282000008970499,0.00759769999422133,[2.989999484270811e-05]
298,98,1000,478,0.00012510002125054598,5.870009772479534e-05,0.00014629994984716177,[2.8699985705316067e-05]
299,99,1000,79,0.00024619989562779665,4.5599997974932194e-05,4.640000406652689e-05,[1.7400016076862812e-05]
300,0,10000,2009,0.00246850005351007,0.002495800028555095,0.0013259999686852098,[2.6400084607303143e-05]
301,1,10000,1856,0.0017912000184878707,0.0006203000666573644,0.001777100027538836,[2.929999027401209e-05]
302,2,10000,1430,0.001015600049868226,0.0010257000103592873,0.0004198000533506274,[1.9900035113096237e-05]
303,3,10000,8294,0.0017998000839725137,0.005799900041893125,0.005050699925050139,[3.570003900676966e-05]
304,4,10000,3128,0.000954899936914444,0.0012676999904215336,0.003356299945153296,[2.9099988751113415e-05]
305,5,10000,9075,0.001465400098823011,0.0019020000472664833,0.004188299993984401,[2.1999934688210487e-05]
306,6,10000,4959,0.0010257000103592873,0.005584900034591556,0.0038445000536739826,[1.9999919459223747e-05]
307,7,10000,9709,0.0015382999554276466,0.0006874999962747097,0.005759999970905483,[1.5900004655122757e-05]
308,8,10000,3194,0.0012684999965131283,0.00025839998852461576,0.0009985999204218388,[2.0099920220673084e-05]
309,9,10000,4347,0.001588999992236495,0.0022000999888405204,0.0022532999282702804,[1.9499915651977062e-05]
310,10,10000,2387,0.0013319000136107206,0.001130299991928041,0.0006968999514356256,[1.810002140700817e-05]
311,11,10000,4418,0.0017039000522345304,0.0007838000310584903,0.0012657999759539962,[2.4000066332519054e-05]
312,12,10000,9902,0.0021292000310495496,0.004421000019647181,0.003770700073800981,[1.6200006939470768e-05]
313,13,10000,5854,0.0012790000764653087,0.001684500020928681,0.002436199923977256,[3.350002225488424e-05]
314,14,10000,7644,0.0026002000086009502,0.0020006000995635986,0.005628800019621849,[3.070000093430281e-05]
315,15,10000,2850,0.0019351000664755702,0.0005885000573471189,0.002056799945421517,[2.610008232295513e-05]
316,16,10000,7687,0.001001400058157742,0.0003637999761849642,0.009545300039462745,[2.8099981136620045e-05]
317,17,10000,2975,0.0019284000154584646,2.3699947632849216e-05,0.002185799996368587,[4.959991201758385e-05]
318,18,10000,2563,0.0009232999291270971,0.0015805000439286232,0.003597599919885397,[2.8499984182417393e-05]
319,19,10000,5449,0.004606500035151839,0.0005474999779835343,0.001691599958576262,[2.2499938495457172e-05]
320,20,10000,7088,0.0009112999541684985,0.00060889997985214,0.0033576999558135867,[2.1099927835166454e-05]
321,21,10000,3596,0.0029451000737026334,0.0018626999808475375,0.001320800045505166,[1.5099998563528061e-05]
322,22,10000,9207,0.0014430000446736813,0.0021558000007644296,0.005548299988731742,[3.9899954572319984e-05]
323,23,10000,4355,0.001702900044620037,0.004657800076529384,0.0029504999984055758,[2.8199981898069382e-05]
324,24,10000,2920,0.0014367999974638224,0.00040200003422796726,0.008108500041998923,[4.4599990360438824e-05]
325,25,10000,4965,0.004515900043770671,0.002989599946886301,0.0029604999581351876,[2.729997504502535e-05]
326,26,10000,1428,0.00708670006133616,0.0017986000748351216,0.0005587999476119876,[3.270001616328955e-05]
327,27,10000,4551,0.004570199991576374,0.0023507000878453255,0.003059100010432303,[1.550000160932541e-05]
328,28,10000,5522,0.001204199972562492,0.0044565999414771795,0.003613299923017621,[2.6499968953430653e-05]
329,29,10000,9758,0.0024401999544352293,0.0031610000878572464,0.006738599971868098,[1.9200029782950878e-05]
330,30,10000,1828,0.0008888000156730413,0.0014510001055896282,0.0008551999926567078,[3.070000093430281e-05]
331,31,10000,9629,0.0017995999660342932,0.000824499991722405,0.008666799985803664,[2.450007013976574e-05]
332,32,10000,5568,0.0023398000048473477,0.010121800005435944,0.0037734999787062407,[2.9199989512562752e-05]
333,33,10000,6206,0.002461700001731515,0.0010505999671295285,0.0029072000179439783,[1.950003206729889e-05]
334,34,10000,9668,0.001269900007173419,0.0011597999837249517,0.00605379999615252,[2.2399937734007835e-05]
335,35,10000,2822,0.001833299989812076,0.002054699929431081,0.0021229999838396907,[2.559996210038662e-05]
336,36,10000,5940,0.0013234000653028488,0.0026691999519243836,0.003643399919383228,[5.2299932576715946e-05]
337,37,10000,6385,0.0020345000084489584,0.0034256000071763992,0.003974099992774427,[1.3200100511312485e-05]
338,38,10000,3625,0.0012886000331491232,0.0016412000404670835,0.0022516000317409635,[3.0099996365606785e-05]
339,39,10000,8109,0.00173510005697608,0.0019138000207021832,0.010792299988679588,[2.5399960577487946e-05]
340,40,10000,4094,0.0011431999737396836,0.002023099921643734,0.00348469999153167,[4.570011515170336e-05]
341,41,10000,5135,0.0011903000995516777,0.0030274000018835068,0.002720799995586276,[3.15000070258975e-05]
342,42,10000,2861,0.0015813999343663454,0.00025779998395591974,0.001406199997290969,[1.4299992471933365e-05]
343,43,10000,3960,0.0009714000625535846,0.0006119000026956201,0.0040611999575048685,[3.620004281401634e-05]
344,44,10000,3090,0.001183799933642149,0.0029494999907910824,0.0023855000035837293,[2.6600086130201817e-05]
345,45,10000,7797,0.0015573999844491482,0.0018828000174835324,0.006172199966385961,[2.9799994081258774e-05]
346,46,10000,5132,0.0028810000512748957,0.0005790001014247537,0.006758300005458295,[2.929999027401209e-05]
347,47,10000,6344,0.001585699967108667,0.005688500008545816,0.005353800021111965,[1.4499993994832039e-05]
348,48,10000,6012,0.0008212999673560262,0.0016637000953778625,0.0027132000541314483,[3.260001540184021e-05]
349,49,10000,8878,0.0012119000311940908,0.0015734999906271696,0.003193699987605214,[2.0900042727589607e-05]
350,50,10000,837,0.001303299912251532,0.0019281000131741166,0.0005567999323830009,[3.879994619637728e-05]
351,51,10000,7920,0.0017417999915778637,0.0021660999627783895,0.004155599977821112,[2.180004958063364e-05]
352,52,10000,4310,0.0009745999705046415,3.570003900676966e-05,0.0018170000985264778,[2.320006024092436e-05]
353,53,10000,2035,0.0010991999879479408,0.0010112000163644552,0.000690499902702868,[1.8000020645558834e-05]
354,54,10000,9945,0.0008733998984098434,0.0009316999930888414,0.012087199953384697,[3.359990660101175e-05]
355,55,10000,6207,0.0018832000205293298,0.0010025999508798122,0.0031613000901415944,[2.6799971237778664e-05]
356,56,10000,3766,0.002027900074608624,0.0011054000351577997,0.0034660999663174152,[3.490003291517496e-05]
357,57,10000,1455,0.001801899983547628,0.0027280000504106283,0.0010115000186488032,[2.829998265951872e-05]
358,58,10000,6160,0.001563000027090311,0.001526899985037744,0.005074299988336861,[4.4599990360438824e-05]
359,59,10000,3261,0.0019563999958336353,0.001251300098374486,0.0021478000562638044,[2.8699985705316067e-05]
360,60,10000,5049,0.003083599964156747,0.0010294999228790402,0.0015554000856354833,[6.19000056758523e-05]
361,61,10000,4024,0.001623300020582974,0.004906799993477762,0.03897220001090318,[2.9399991035461426e-05]
362,62,10000,4826,0.0014187999768182635,0.00268759997561574,0.003118599997833371,[2.9799994081258774e-05]
363,63,10000,9015,0.0017701999749988317,0.004729999927803874,0.044472399982623756,[2.4400069378316402e-05]
364,64,10000,6668,0.0014736999291926622,0.0003790999762713909,0.005622500088065863,[4.339998122304678e-05]
365,65,10000,9856,0.0016357999993488193,0.003987999982200563,0.047402899945154786,[3.2100011594593525e-05]
366,66,10000,7880,0.0014539000112563372,0.00394249998498708,0.005797900026664138,[0.00020060001406818628]
367,67,10000,6574,0.06205670000053942,0.013878299971111119,0.004727600025944412,[2.7699978090822697e-05]
368,68,10000,1429,0.00152749998960644,0.0016986000118777156,0.0013400999596342444,[2.1799933165311813e-05]
369,69,10000,8404,0.0020782999927178025,0.005808899994008243,0.04749879997689277,[2.7499976567924023e-05]
370,70,10000,7160,0.0016717000398784876,0.0024769000010564923,0.018397600040771067,[2.9099988751113415e-05]
371,71,10000,2422,0.0019291999051347375,0.00017300003673881292,0.01720750005915761,[3.23000131174922e-05]
372,72,10000,3037,0.001357399974949658,0.003207299974747002,0.001714400015771389,[2.95999925583601e-05]
373,73,10000,2155,0.0016512000001966953,0.0004896000027656555,0.0016419000457972288,[2.5399960577487946e-05]
374,74,10000,5543,0.03182799997739494,0.0024618000024929643,0.004088100045919418,[2.9799994081258774e-05]
375,75,10000,247,0.0020383999217301607,0.006047899951227009,0.00012069998774677515,[1.910002902150154e-05]
376,76,10000,4977,0.0013531999429687858,0.00010529998689889908,0.03624050004873425,[3.170000854879618e-05]
377,77,10000,5419,0.0023401000071316957,0.0004683999577537179,0.003460200037807226,[2.2600055672228336e-05]
378,78,10000,5704,0.0014272000407800078,0.0023883000249043107,0.0038118999218568206,[2.7699978090822697e-05]
379,79,10000,1599,0.0017969999462366104,0.005700799985788763,0.0014467000728473067,[2.8999987989664078e-05]
380,80,10000,1803,0.0011887999717146158,0.0008870000019669533,0.0015412999782711267,[3.100000321865082e-05]
381,81,10000,9249,0.0038283999310806394,0.00020070001482963562,0.0058240999933332205,[3.6899931728839874e-05]
382,82,10000,1703,0.001488999929279089,0.004902600077912211,0.0011243000626564026,[2.52000754699111e-05]
383,83,10000,7597,0.0017398000927641988,0.005049899918958545,0.0029214000096544623,[2.7999980375170708e-05]
384,84,10000,4667,0.0012351999757811427,0.0014609000645577908,0.004393200040794909,[3.070000093430281e-05]
385,85,10000,9845,0.002402600017376244,0.0023634000681340694,0.003039300092495978,[3.890006337314844e-05]
386,86,10000,76,0.0015620000194758177,0.0063559000845998526,4.279997665435076e-05,[2.3900065571069717e-05]
387,87,10000,5880,0.0017698999727144837,0.005171600030735135,0.005377799971029162,[2.829998265951872e-05]
388,88,10000,4868,0.0019049999536946416,0.008112199953757226,0.0017455999040976167,[1.9700033590197563e-05]
389,89,10000,6821,0.0017447000136598945,0.0014875999186187983,0.004623699933290482,[4.950002767145634e-05]
390,90,10000,4629,0.0008966999594122171,0.007679599919356406,0.0019836999708786607,[1.7700018361210823e-05]
391,91,10000,2987,0.002406100044026971,0.0007485999958589673,0.0011561999563127756,[5.470006726682186e-05]
392,92,10000,8138,0.002712200046516955,0.0030035999370738864,0.0053316999692469835,[2.1900050342082977e-05]
393,93,10000,727,0.00219740008469671,0.001832399982959032,0.00024180009495466948,[1.8400023691356182e-05]
394,94,10000,9544,0.0015506999334320426,0.0015605000080540776,0.0032454999163746834,[1.7400016076862812e-05]
395,95,10000,3211,0.0016667000018060207,0.0010061000939458609,0.0023287999210879207,[3.0399998649954796e-05]
396,96,10000,4845,0.001478399964980781,0.004300900036469102,0.0025194999761879444,[3.370002377778292e-05]
397,97,10000,985,0.0018759999657049775,0.004444300080649555,0.0010855000000447035,[2.359994687139988e-05]
398,98,10000,5360,0.0016231000190600753,0.015505400020629168,0.0034981000935658813,[2.589996438473463e-05]
399,99,10000,7661,0.002276899991557002,0.005957500077784061,0.044339400017634034,[4.220008850097656e-05]
400,0,100000,3101,0.06927300000097603,0.03423240000847727,0.008890299941413105,[0.0001772999530658126]
401,1,100000,44464,0.07149260002188385,0.012564299977384508,0.06370659999083728,[3.9499951526522636e-05]
402,2,100000,9461,0.022719400003552437,0.004782299976795912,0.0050530999433249235,[3.1400006264448166e-05]
403,3,100000,17607,0.014746699947863817,0.033838899922557175,0.010348699986934662,[3.23000131174922e-05]
404,4,100000,38857,0.013736799941398203,0.01160850003361702,0.02467029995750636,[6.38000201433897e-05]
405,5,100000,41544,0.013549499912187457,0.014774800045415759,0.025785099947825074,[2.6000081561505795e-05]
406,6,100000,5738,0.018502800026908517,0.007083300035446882,0.002466500038281083,[2.6699970476329327e-05]
407,7,100000,18332,0.016489499947056174,0.022411799989640713,0.012497799936681986,[2.6499968953430653e-05]
408,8,100000,46817,0.07945870002731681,0.06041479995474219,0.08821930002886802,[5.180004518479109e-05]
409,9,100000,44255,0.015534200007095933,0.07863959996029735,0.0825574001064524,[4.2599975131452084e-05]
410,10,100000,13431,0.013792500016279519,0.016307099955156446,0.0077457999577745795,[4.379998426884413e-05]
411,11,100000,37816,0.016860899981111288,0.027344799949787557,0.023094200063496828,[3.460003063082695e-05]
412,12,100000,92238,0.01792149990797043,0.023402899969369173,0.05441789992619306,[3.269989974796772e-05]
413,13,100000,43310,0.021837699925526977,0.012440299964509904,0.02231449994724244,[2.080004196614027e-05]
414,14,100000,68060,0.015988799976184964,0.02846760000102222,0.05245139996986836,[4.20999713242054e-05]
415,15,100000,95571,0.013916999916546047,0.01437770004849881,0.05570719996467233,[2.6499968953430653e-05]
416,16,100000,75719,0.014542600023560226,0.015858000027947128,0.0432117999298498,[3.320001997053623e-05]
417,17,100000,5063,0.010818999959155917,0.010083600063808262,0.00324330001603812,[6.509991362690926e-05]
418,18,100000,36759,0.021870999946258962,0.014060899964533746,0.022689000004902482,[2.3999949917197227e-05]
419,19,100000,11541,0.019608499947935343,0.03305380011443049,0.005202699918299913,[2.489995677024126e-05]
420,20,100000,48520,0.014540100004523993,0.01919399993494153,0.027604200062341988,[1.7600017599761486e-05]
421,21,100000,91036,0.021802300005219877,0.011457500047981739,0.05773999996017665,[2.219993621110916e-05]
422,22,100000,47949,0.01468290004413575,0.010011799982748926,0.025259500020183623,[4.730001091957092e-05]
423,23,100000,217,0.024296000017784536,0.0077951999846845865,5.0999922677874565e-05,[1.6200006939470768e-05]
424,24,100000,90648,0.014883899944834411,0.030446300050243735,0.04293000011239201,[2.729997504502535e-05]
425,25,100000,95845,0.021625200053676963,0.022799400030635297,0.04935870005283505,[4.2899977415800095e-05]
426,26,100000,73062,0.013629700057208538,0.03518629993777722,0.03792660008184612,[5.489995237439871e-05]
427,27,100000,87989,0.012282200041227043,0.009945699945092201,0.05299690004903823,[2.1700048819184303e-05]
428,28,100000,26893,0.019714599940925837,0.02065339998807758,0.021543500013649464,[4.579999949783087e-05]
429,29,100000,63732,0.016232699970714748,0.016197400051169097,0.03789459995459765,[2.5699962861835957e-05]
430,30,100000,70161,0.01512420002836734,0.03191430005244911,0.0316465999931097,[1.8300022929906845e-05]
431,31,100000,6158,0.023768800077959895,0.022947499994188547,0.002673799986951053,[6.930006202310324e-05]
432,32,100000,79440,0.02458730002399534,0.046197099960409105,0.04074159997981042,[2.729997504502535e-05]
433,33,100000,86059,0.011946599930524826,0.004352200077846646,0.05188439995981753,[3.299990203231573e-05]
434,34,100000,90709,0.02432780002709478,0.0069960999535396695,0.0458240999141708,[0.00043409992940723896]
435,35,100000,59442,0.032323400024324656,0.007674399996176362,0.0363690999802202,[5.6299963034689426e-05]
436,36,100000,62997,0.020307699916884303,0.0042489999905228615,0.03526699997019023,[4.2100087739527225e-05]
437,37,100000,56677,0.011780599947087467,0.0395215000025928,0.037718000006861985,[3.190001007169485e-05]
438,38,100000,94584,0.02890000003390014,0.02578289993107319,0.06975190003868192,[4.1899969801306725e-05]
439,39,100000,94080,0.01878829998895526,0.028352299937978387,0.06648119993042201,[6.150000263005495e-05]
440,40,100000,2392,0.019459699979051948,0.022507600020617247,0.0007356000132858753,[2.1700048819184303e-05]
441,41,100000,45327,0.011010500020347536,0.03515000001061708,0.02663800003938377,[6.580003537237644e-05]
442,42,100000,18490,0.017946000094525516,0.012970900046639144,0.013046900043264031,[3.1800009310245514e-05]
443,43,100000,27459,0.012393299955874681,0.008805499994195998,0.014208300039172173,[3.66999302059412e-05]
444,44,100000,69669,0.02346989989746362,0.01947279996238649,0.05353500007186085,[5.8999983593821526e-05]
445,45,100000,60188,0.02360640000551939,0.011872699949890375,0.04677679995074868,[3.460003063082695e-05]
446,46,100000,17182,0.024085199926048517,0.040849899989552796,0.009159000008367002,[3.499991726130247e-05]
447,47,100000,30572,0.02858459996059537,0.005332799977622926,0.019909200025722384,[2.4699955247342587e-05]
448,48,100000,56802,0.014685200061649084,0.00973290007095784,0.029920500004664063,[1.7700018361210823e-05]
449,49,100000,92490,0.020803799969144166,0.039993599988520145,0.056230599991977215,[2.929999027401209e-05]
450,50,100000,99048,0.020774199976585805,0.024814800010062754,0.05690269998740405,[4.830001853406429e-05]
451,51,100000,45057,0.01910799997858703,0.0021838999819010496,0.024368499987758696,[0.00015760003589093685]
452,52,100000,61671,0.012859600014053285,0.016079600085504353,0.0358352999901399,[2.7399975806474686e-05]
453,53,100000,27640,0.01591679989360273,0.01974799996241927,0.016858699964359403,[3.320001997053623e-05]
454,54,100000,21223,0.012328799930401146,0.03822240000590682,0.016546699916943908,[3.7400051951408386e-05]
455,55,100000,28558,0.02681680000387132,0.034427099977619946,0.021049999981187284,[0.00015730003360658884]
456,56,100000,84278,0.013481599977239966,0.005380399990826845,0.0488370000384748,[7.24999699741602e-05]
457,57,100000,26290,0.027573700062930584,0.03473890002351254,0.019305800087749958,[3.270001616328955e-05]
458,58,100000,95981,0.01807430002372712,0.0005857000360265374,0.06565910007338971,[1.8600025214254856e-05]
459,59,100000,15156,0.01655669999308884,0.004522699979133904,0.005211599986068904,[3.4100026823580265e-05]
460,60,100000,13355,0.013887400040403008,0.010324699920602143,0.009123100084252656,[3.42000275850296e-05]
461,61,100000,39425,0.021126699983142316,0.033070000004954636,0.026013599941506982,[2.320006024092436e-05]
462,62,100000,9368,0.01414319989271462,0.003324999939650297,0.003612100030295551,[9.039998985826969e-05]
463,63,100000,90808,0.020146700087934732,0.013287799898535013,0.04630810010712594,[4.439998883754015e-05]
464,64,100000,96809,0.018505000043660402,0.011178099899552763,0.05536759993992746,[3.270001616328955e-05]
465,65,100000,25400,0.019370099995285273,0.017583400011062622,0.014542299904860556,[1.880002673715353e-05]
466,66,100000,74266,0.015928099979646504,0.018693899968639016,0.0402229999890551,[7.240008562803268e-05]
467,67,100000,51112,0.015950400033034384,0.04190910002216697,0.03146800003014505,[2.7699978090822697e-05]
468,68,100000,4895,0.0173924999544397,0.02718289999756962,0.00281810003798455,[1.8600025214254856e-05]
469,69,100000,66123,0.022110800025984645,0.024839800084009767,0.0334459999576211,[2.0099920220673084e-05]
470,70,100000,95889,0.012306799995712936,0.015224399976432323,0.051847999915480614,[2.8499984182417393e-05]
471,71,100000,23745,0.013701500021852553,0.0319746999302879,0.020519300014711916,[4.0800077840685844e-05]
472,72,100000,96129,0.012935000006109476,0.0005778000922873616,0.060997300082817674,[3.759993705898523e-05]
473,73,100000,6395,0.019330799928866327,0.007042299956083298,0.006237800000235438,[5.850009620189667e-05]
474,74,100000,85440,0.016675099963322282,0.009512100019492209,0.05183420004323125,[3.0199997127056122e-05]
475,75,100000,62967,0.025201800046488643,0.014813699992373586,0.039537500008009374,[2.9999995604157448e-05]
476,76,100000,2421,0.013290500035509467,0.0022127999691292644,0.0007767999777570367,[2.0099920220673084e-05]
477,77,100000,51079,0.02120180008932948,0.04112029995303601,0.02291129995137453,[3.160000778734684e-05]
478,78,100000,16285,0.015945799998007715,0.028498200001195073,0.01085880002938211,[2.5099958293139935e-05]
479,79,100000,20465,0.021632599993608892,0.007734499988146126,0.011365900048986077,[3.909994848072529e-05]
480,80,100000,30447,0.013556099962443113,0.021578800049610436,0.016405400005169213,[2.2399937734007835e-05]
481,81,100000,95046,0.01645180000923574,0.008337300037965178,0.05629939993377775,[2.059992402791977e-05]
482,82,100000,92802,0.01804130000527948,0.027570200036279857,0.07057940005324781,[4.0899962186813354e-05]
483,83,100000,26576,0.025429399916902184,0.042761399992741644,0.012717399979010224,[3.700004890561104e-05]
484,84,100000,57212,0.012427500099875033,0.019418200012296438,0.032440599985420704,[2.3600063286721706e-05]
485,85,100000,58897,0.019933799980208278,0.0009738999651744962,0.03510189999360591,[3.8499943912029266e-05]
486,86,100000,96286,0.014079099986702204,0.016049599973484874,0.05311510001774877,[2.4099950678646564e-05]
487,87,100000,42603,0.015852699987590313,0.028745500021614134,0.018673400045372546,[4.680000711232424e-05]
488,88,100000,1205,0.017738700029440224,0.009093599976040423,0.0003719000378623605,[1.810002140700817e-05]
489,89,100000,34356,0.025045899907127023,0.03359820006880909,0.01759870001114905,[1.71000137925148e-05]
490,90,100000,54424,0.012987200054340065,0.017866000067442656,0.03135679999832064,[3.490003291517496e-05]
491,91,100000,30914,0.0182948000729084,0.010799700045026839,0.021257099928334355,[1.9400031305849552e-05]
492,92,100000,92329,0.01576710003428161,0.013870400027371943,0.05681380000896752,[3.870006185024977e-05]
493,93,100000,3022,0.023104600026272237,0.0344723000889644,0.0020613999804481864,[1.8600025214254856e-05]
494,94,100000,5791,0.014450300019234419,0.01886389998253435,0.006372799980454147,[3.66999302059412e-05]
495,95,100000,89825,0.018182699917815626,0.03536969993729144,0.04015629994682968,[7.250008638948202e-05]
496,96,100000,10177,0.014917999971657991,0.04041550005786121,0.003211399889551103,[2.8499984182417393e-05]
497,97,100000,76507,0.01601919997483492,0.006712699891068041,0.03349350008647889,[4.700000863522291e-05]
498,98,100000,7861,0.015837699989788234,0.020451699965633452,0.0026003000093623996,[4.2199972085654736e-05]
499,99,100000,42232,0.02637880004476756,0.042208799975924194,0.02506579994224012,[2.1900050342082977e-05]
500,0,1000000,210835,0.1868304000236094,0.2339788000099361,0.10725090000778437,[3.750005271285772e-05]
501,1,1000000,472148,0.19670059997588396,0.1931612000335008,0.2613960000453517,[2.7399975806474686e-05]
502,2,1000000,773638,0.18007179989945143,0.02659330004826188,0.43863700004294515,[4.170008469372988e-05]
503,3,1000000,597057,0.18605339992791414,0.16608649992849678,0.33095920004416257,[3.2800016924738884e-05]
504,4,1000000,781212,0.17518769996240735,0.1627717000665143,0.5047933000605553,[2.2900057956576347e-05]
505,5,1000000,292033,0.18508259998634458,0.18078139994759113,0.19468719989527017,[4.850002005696297e-05]
506,6,1000000,956130,0.19378629990387708,0.054679299937561154,0.5489331999560818,[4.2499974370002747e-05]
507,7,1000000,928157,0.18449919996783137,0.09079960000235587,0.5496018000412732,[3.760005347430706e-05]
508,8,1000000,136755,0.1899734000908211,0.1352136000059545,0.09969149995595217,[3.290001768618822e-05]
509,9,1000000,287095,0.18185489997267723,0.29909320001024753,0.20104479999281466,[2.8499984182417393e-05]
510,10,1000000,279593,0.24939110002014786,0.11586110002826899,0.16204850003123283,[5.7999975979328156e-05]
511,11,1000000,211099,0.17693010007496923,0.13277480006217957,0.11524670000653714,[4.650000482797623e-05]
512,12,1000000,731001,0.19013959995936602,0.28266240004450083,0.42152279999572784,[4.20999713242054e-05]
513,13,1000000,826399,0.1743728999281302,0.42781500006094575,0.5822114000329748,[2.719997428357601e-05]
514,14,1000000,348463,0.20505079999566078,0.36223640001844615,0.2060680000577122,[2.8600101359188557e-05]
515,15,1000000,335125,0.19302080001216382,0.30766049993690103,0.17730820004362613,[2.6000081561505795e-05]
516,16,1000000,169621,0.18875289999414235,0.2542793001048267,0.09417960001155734,[2.41999514400959e-05]
517,17,1000000,143349,0.19761759997345507,0.28841150004882365,0.0771252999547869,[5.539995618164539e-05]
518,18,1000000,617484,0.19508560001850128,0.15709090000018477,0.3495717999758199,[4.509999416768551e-05]
519,19,1000000,999321,0.19952120003290474,0.06218689994420856,0.5685742000350729,[3.970006946474314e-05]
520,20,1000000,763120,0.18329580000136048,0.0010354999685660005,0.5177285999525338,[9.490002412348986e-05]
521,21,1000000,623920,0.17926410003565252,0.3928195000626147,0.3465901999734342,[4.4599990360438824e-05]
522,22,1000000,386622,0.17086690000724047,0.3522721000481397,0.22214139997959137,[0.00012560002505779266]
523,23,1000000,536709,0.19219400000292808,0.07057129999157041,0.29836389992851764,[4.3599982745945454e-05]
524,24,1000000,848700,0.17526439996436238,0.24563889997079968,0.5012224999954924,[2.4300068616867065e-05]
525,25,1000000,27720,0.18521490006241947,0.2308819000609219,0.016397699946537614,[3.520003519952297e-05]
526,26,1000000,416228,0.1859368000878021,0.0032825000816956162,0.238980200025253,[3.6899931728839874e-05]
527,27,1000000,917905,0.18020800000522286,0.20836399996187538,0.5526902000419796,[5.470006726682186e-05]
528,28,1000000,994133,0.1784464999800548,0.1356162999290973,0.6100141000933945,[2.7799978852272034e-05]
529,29,1000000,934647,0.1820999999763444,0.29196479998063296,0.5098842000588775,[2.8699985705316067e-05]
530,30,1000000,805888,0.19293789996299893,0.26622640003915876,0.44685239996761084,[1.9400031305849552e-05]
531,31,1000000,487279,0.18267429992556572,0.32123830006457865,0.31000289996154606,[4.009995609521866e-05]
532,32,1000000,872980,0.17537880002055317,0.12920930003747344,0.543818200007081,[3.559992182999849e-05]
533,33,1000000,21095,0.17049760010559112,0.13461629999801517,0.013516200007870793,[2.589996438473463e-05]
534,34,1000000,19491,0.1759588000131771,0.36101699993014336,0.013104299898259342,[4.630000330507755e-05]
535,35,1000000,427586,0.19615740003064275,0.035561200114898384,0.24891710001975298,[2.010003663599491e-05]
536,36,1000000,179538,0.17471080005634576,0.18370000005234033,0.09860020002815872,[2.759997732937336e-05]
537,37,1000000,225257,0.16543639998417348,0.06710630003362894,0.1312241000123322,[3.9800070226192474e-05]
538,38,1000000,457001,0.1788759999908507,0.3711178000085056,0.26118190004490316,[6.089999806135893e-05]
539,39,1000000,850789,0.17419429996516556,0.036006900016218424,0.49622910004109144,[2.480007242411375e-05]
540,40,1000000,667952,0.18381220009177923,0.2920833999523893,0.40439090004656464,[2.8099981136620045e-05]
541,41,1000000,810918,0.17937250004615635,0.1200242000631988,0.4938865000149235,[3.4100026823580265e-05]
542,42,1000000,236798,0.18099580006673932,0.4576647999929264,0.14103230007458478,[3.160000778734684e-05]
543,43,1000000,896179,0.18784419994335622,0.10294639994390309,0.5268661000300199,[4.269997589290142e-05]
544,44,1000000,451924,0.1898496999638155,0.3775495000882074,0.25736219994723797,[3.709993325173855e-05]
545,45,1000000,958964,0.17075489996932447,0.17147990001831204,0.5678343999898061,[4.1599967516958714e-05]
546,46,1000000,221160,0.17313549993559718,0.09945889993105084,0.12482979998458177,[4.800001624971628e-05]
547,47,1000000,583274,0.17373000003863126,0.2569857999915257,0.3314670999534428,[7.489998824894428e-05]
548,48,1000000,149873,0.1822400001110509,0.1315967000555247,0.08125749998725951,[4.2499974370002747e-05]
549,49,1000000,672594,0.16639259993098676,0.089059800026007,0.3653340000892058,[4.199997056275606e-05]
550,50,1000000,545727,0.16324459994211793,0.29953720001503825,0.5346172000281513,[4.950002767145634e-05]
551,51,1000000,816215,0.2465766998939216,0.42323580000083894,0.5748255000216886,[5.139992572367191e-05]
552,52,1000000,936227,0.3291024999925867,0.8242067999672145,1.036428999970667,[3.809994086623192e-05]
553,53,1000000,572231,0.32284499995876104,0.4528441000729799,0.6484256000258029,[3.4400029107928276e-05]
554,54,1000000,815127,0.20810619997791946,0.40114139998331666,0.6477130999555811,[4.12999652326107e-05]
555,55,1000000,388205,0.20529229997191578,0.5194579999661073,0.2972672999603674,[3.870006185024977e-05]
556,56,1000000,548615,0.20074949995614588,0.23030559998005629,0.4304629999678582,[4.2899977415800095e-05]
557,57,1000000,139202,0.21717600000556558,0.5426972999703139,0.10067840002011508,[4.950002767145634e-05]
558,58,1000000,695590,0.21648970001842827,0.1112004000460729,0.5218266000738367,[2.289994154125452e-05]
559,59,1000000,657278,0.19517109997104853,0.01619949995074421,0.5168530000373721,[3.850006032735109e-05]
560,60,1000000,54062,0.243283599964343,0.13569729996379465,0.04587589995935559,[4.9299909733235836e-05]
561,61,1000000,8972,0.227383500081487,0.636486200033687,0.00628199998755008,[4.030007403343916e-05]
562,62,1000000,319554,0.21055750001687557,0.0019320999272167683,0.24403890001121908,[3.860006108880043e-05]
563,63,1000000,67196,0.19442800001706928,0.4213377999840304,0.056975899962708354,[3.759993705898523e-05]
564,64,1000000,673468,0.2188943000510335,0.3025975999189541,0.5501162000000477,[3.979995381087065e-05]
565,65,1000000,990213,0.22323410003446043,0.1960767999989912,0.7468061000108719,[5.180004518479109e-05]
566,66,1000000,765086,0.217906599980779,0.2883053000550717,0.6180852999677882,[3.739993553608656e-05]
567,67,1000000,545772,0.18396089994348586,0.3123672000365332,0.3353573000058532,[4.329998046159744e-05]
568,68,1000000,481641,0.18136829999275506,0.3635054000187665,0.28600799990817904,[3.15000070258975e-05]
569,69,1000000,464400,0.16838909999933094,0.36853169999085367,0.26025739999022335,[0.00010980002116411924]
570,70,1000000,621244,0.1719894000561908,0.3083892000140622,0.38019010005518794,[2.729997504502535e-05]
571,71,1000000,751659,0.17296829994302243,0.3962578000500798,0.4337895999196917,[3.650004509836435e-05]
572,72,1000000,810387,0.19802670006174594,0.028877199976705015,0.4969055999536067,[3.769993782043457e-05]
573,73,1000000,335737,0.1810323999961838,0.2435020999982953,0.2102260000538081,[2.6799971237778664e-05]
574,74,1000000,631558,0.17835269996430725,0.03765640000347048,0.40231220005080104,[5.7399971410632133e-05]
575,75,1000000,915657,0.1853084999602288,0.2327012000605464,0.5280804999638349,[3.330002073198557e-05]
576,76,1000000,319522,0.1731660000514239,0.1324703999562189,0.18409160000737756,[3.029999788850546e-05]
577,77,1000000,275333,0.19453390000853688,0.302164199994877,0.15710629988461733,[4.3400097638368607e-05]
578,78,1000000,503970,0.18892620003316551,0.2767537999898195,0.2883504000492394,[6.599992047995329e-05]
579,79,1000000,892361,0.18438479991164058,0.1356793000595644,0.47832709993235767,[4.169996827840805e-05]
580,80,1000000,574163,0.16813749994616956,0.2821279999334365,0.38010579999536276,[4.75000124424696e-05]
581,81,1000000,600878,0.19944359990768135,0.13615600008051842,0.36724330007564276,[3.8800062611699104e-05]
582,82,1000000,887742,0.2105771000497043,0.07577029999811202,0.5799001000123098,[6.170000415295362e-05]
583,83,1000000,973067,0.1809228000929579,0.08263479999732226,0.5906004999997094,[2.480007242411375e-05]
584,84,1000000,465848,0.17336970008909702,0.1163689000532031,0.28923150000628084,[2.0900042727589607e-05]
585,85,1000000,613499,0.19661340001039207,0.15676150005310774,0.3621186000527814,[3.330002073198557e-05]
586,86,1000000,539268,0.17072179995011538,0.3143711000448093,0.2947060000151396,[3.369990736246109e-05]
587,87,1000000,362858,0.17399690009187907,0.08515090006403625,0.24304830003529787,[3.2800016924738884e-05]
588,88,1000000,44433,0.1905267999973148,0.37164260004647076,0.02038850006647408,[5.91999851167202e-05]
589,89,1000000,815483,0.18943560007028282,0.08782100002281368,0.5117232000920922,[8.160003926604986e-05]
590,90,1000000,334857,0.16862980008590966,0.28138649999164045,0.2059063999913633,[3.270001616328955e-05]
591,91,1000000,531761,0.19133149995468557,0.2909338000463322,0.3269372000358999,[5.3799943998456e-05]
592,92,1000000,290215,0.1751721000764519,0.2336117000086233,0.16976730001624674,[3.260001540184021e-05]
593,93,1000000,113211,0.17447379999794066,0.16841719998046756,0.07014299998991191,[3.3800024539232254e-05]
594,94,1000000,513578,0.1846089999889955,0.26290199998766184,0.2896349000511691,[4.169996827840805e-05]
595,95,1000000,735176,0.1996389999985695,0.3257645000703633,0.4477227999595925,[2.4399952962994576e-05]
596,96,1000000,547324,0.17862919997423887,0.08527509996201843,0.352437200024724,[2.2399937734007835e-05]
597,97,1000000,825249,0.20029449998401105,0.3848942000186071,0.502439400064759,[4.3800100684165955e-05]
598,98,1000000,103318,0.21329069999046624,0.24706980003975332,0.06819389993324876,[3.42000275850296e-05]
599,99,1000000,897028,0.1759358000708744,0.1508278000401333,0.5400327000534162,[2.589996438473463e-05]
600,0,10000000,737506,2.9752393000526354,0.4084980000043288,0.46978719998151064,[5.10999234393239e-05]
601,1,10000000,9089229,2.2267687000567093,1.6930102999322116,5.562344099977054,[4.980002995580435e-05]
602,2,10000000,5541473,2.2241388000547886,0.24161269993055612,3.9489402999170125,[2.5399960577487946e-05]
603,3,10000000,1745019,2.3933863999554887,1.8773599000414833,1.0628063000040129,[5.519995465874672e-05]
604,4,10000000,8278500,2.249328100006096,0.4989534999476746,5.1591034000739455,[2.7099973522126675e-05]
605,5,10000000,2671259,2.226533400011249,0.5931071999948472,1.7594333000015467,[7.029995322227478e-05]
606,6,10000000,7057339,2.342296399991028,4.438482100027613,4.315846399986185,[4.1500083170831203e-05]
607,7,10000000,8353903,2.3347552999621257,4.3410797000397,5.140375600080006,[2.6399968191981316e-05]
608,8,10000000,1958941,2.2687930000247434,2.4007787000155076,1.18602339993231,[8.140003774315119e-05]
609,9,10000000,4020510,2.231832699966617,1.2886254000477493,2.535605699988082,[3.0800001695752144e-05]
610,10,10000000,2566923,2.2430978000629693,2.863725500064902,2.818455299944617,[4.529999569058418e-05]
611,11,10000000,5878158,2.7239952000090852,0.5845302999950945,4.9131409000838175,[4.109996370971203e-05]
612,12,10000000,4770107,2.693594600073993,4.404829099890776,2.9732580999843776,[0.0001047999830916524]
613,13,10000000,2424712,2.3217793001094833,2.1581228999421,1.532955800066702,[5.6900084018707275e-05]
614,14,10000000,5500068,2.2920347000472248,1.4899016000563279,3.456324400031008,[7.700000423938036e-05]
615,15,10000000,1158718,2.6969339000061154,0.4542021000524983,0.7738450000761077,[5.959998816251755e-05]
616,16,10000000,4140289,2.219444999936968,4.161558800027706,2.6037955000065267,[5.439994856715202e-05]
617,17,10000000,4170238,2.238029500003904,2.0686841999413446,2.657533199992031,[5.4999953135848045e-05]
618,18,10000000,4506756,2.2531074999133125,3.2932177999755368,2.7774122999981046,[2.41999514400959e-05]
619,19,10000000,947820,2.2641577000031248,0.9479927000356838,0.5295543000102043,[7.229996845126152e-05]
620,20,10000000,9475863,2.322107399930246,3.1223028999520466,5.948454599943943,[3.350002225488424e-05]
621,21,10000000,1435283,2.2570780999958515,0.3206530000315979,0.9103271000785753,[2.9999995604157448e-05]
622,22,10000000,7077760,2.232390300021507,2.3771307999268174,4.834208399988711,[5.959998816251755e-05]
623,23,10000000,8874419,2.3120048000710085,4.885268000070937,5.621328899986111,[6.969994865357876e-05]
624,24,10000000,5044629,2.2957783000310883,1.6777233000611886,3.235508000012487,[2.2799940779805183e-05]
625,25,10000000,4846490,2.9184507000027224,2.699371200054884,3.536414199974388,[4.39999857917428e-05]
626,26,10000000,6709905,2.8063545000040904,2.202655900036916,5.541001099976711,[5.3900061175227165e-05]
627,27,10000000,3221462,2.635854299995117,3.161430299980566,1.9453451000154018,[4.8200017772614956e-05]
628,28,10000000,7505161,2.2365055000409484,3.4352440000511706,4.710334499948658,[3.130000550299883e-05]
629,29,10000000,790286,2.326570599921979,3.1851682000560686,0.47725660004653037,[3.2400013878941536e-05]
630,30,10000000,4964232,2.2516889999387786,3.24210250005126,3.1464679000200704,[4.740001168102026e-05]
631,31,10000000,2503596,2.2362824000883847,4.525981899932958,1.50166559999343,[2.6499968953430653e-05]
632,32,10000000,1891256,2.277831200044602,3.402768100029789,1.1644458000082523,[3.4100026823580265e-05]
633,33,10000000,3959475,2.4597619000123814,3.5512209000298753,2.626766699948348,[2.5600078515708447e-05]
634,34,10000000,623133,2.1876822999911383,2.390324900043197,0.4336929999990389,[4.67000063508749e-05]
635,35,10000000,1919859,2.309104899992235,4.147404000046663,1.2303727000253275,[2.929999027401209e-05]
636,36,10000000,2609608,2.219814399955794,0.6441447000252083,1.631359099992551,[4.5599997974932194e-05]
637,37,10000000,4771016,2.2676790999248624,4.531377600040287,3.000054100062698,[4.060007631778717e-05]
638,38,10000000,3093528,2.369326699990779,2.1411578999832273,1.958448400022462,[3.190001007169485e-05]
639,39,10000000,6622092,2.2878034999594092,2.869034699979238,4.153214299934916,[3.0800001695752144e-05]
640,40,10000000,1807409,2.2359487999929115,4.529889500001445,1.6513545999769121,[5.0600036047399044e-05]
641,41,10000000,5075034,2.725201900000684,5.700309699983336,4.2090312000364065,[5.349994171410799e-05]
642,42,10000000,459285,2.3423843000782654,3.579578800010495,0.2897445000708103,[5.1999930292367935e-05]
643,43,10000000,8099942,2.246838500024751,4.5680155999725685,5.281326500000432,[9.61000332608819e-05]
644,44,10000000,5854565,2.323351600090973,3.2908660999964923,3.6954691999126226,[5.410006269812584e-05]
645,45,10000000,4469361,2.2236983999609947,1.6035369000164792,2.815803200006485,[4.870002157986164e-05]
646,46,10000000,7319423,2.316950000007637,3.671469199936837,4.801163799944334,[5.659996531903744e-05]
647,47,10000000,4709786,2.2759399000788108,1.8195112999528646,3.09359210007824,[5.6699966080486774e-05]
648,48,10000000,3784952,2.312745700008236,3.6924015999538824,2.4995405999943614,[5.2999937906861305e-05]
649,49,10000000,4386686,2.295605599996634,3.45620399992913,2.7904837999958545,[5.100003909319639e-05]
650,50,10000000,6819153,2.263630700064823,3.441531899967231,4.307698899996467,[4.8600020818412304e-05]
651,51,10000000,232419,2.2747921999543905,3.277737300028093,0.16160099999979138,[2.8399983420968056e-05]
652,52,10000000,2004289,2.22028639994096,2.858412600005977,1.2475472999503836,[4.979991354048252e-05]
653,53,10000000,8078956,2.226782300043851,2.308199599967338,5.252750499988906,[6.290001329034567e-05]
654,54,10000000,23077,2.303047899971716,3.844578200019896,0.022346600075252354,[5.1699928008019924e-05]
655,55,10000000,3335470,2.820830799988471,6.017067800043151,2.8486104999901727,[4.800001624971628e-05]
656,56,10000000,663112,2.832671699929051,4.752416800009087,0.40069519996177405,[3.590004052966833e-05]
657,57,10000000,9138262,2.3600684000412,2.5421326000941917,5.993753199931234,[2.7399975806474686e-05]
658,58,10000000,1589575,2.270084199961275,3.804269300075248,1.020964700030163,[4.770001396536827e-05]
659,59,10000000,4880199,2.24779060005676,0.638471300015226,3.159293899894692,[4.67000063508749e-05]
660,60,10000000,5485288,2.2887737000128254,3.9008538000052795,3.5630745999515057,[4.6200002543628216e-05]
661,61,10000000,2631961,2.2313097999431193,3.670253200107254,1.6470495999092236,[5.13000413775444e-05]
662,62,10000000,2350485,2.4516106999944896,0.2256768000079319,1.5030654999427497,[3.190001007169485e-05]
663,63,10000000,5215625,2.309519200003706,3.8310269999783486,3.437281799968332,[3.0800001695752144e-05]
664,64,10000000,4363797,2.2450076000532135,1.1193237999686971,2.7179253000067547,[5.140004213899374e-05]
665,65,10000000,6824973,2.341614400036633,1.463266999926418,4.378859599935822,[4.650000482797623e-05]
666,66,10000000,8183898,2.3220598999178037,3.111428500036709,5.214998999959789,[2.7999980375170708e-05]
667,67,10000000,4676747,2.2125349000561982,4.565491100074723,3.1200125999748707,[2.719997428357601e-05]
668,68,10000000,2576463,2.298622400034219,3.4699658000608906,1.7097300000023097,[4.270009230822325e-05]
669,69,10000000,4378110,3.3562535000965,6.305416799965315,3.9966072000097483,[4.3500098399817944e-05]
670,70,10000000,1103242,2.8937472000252455,5.814010399975814,0.7627715000417084,[4.770001396536827e-05]
671,71,10000000,4835816,2.3863038000417873,3.327699500019662,3.271416599978693,[4.4500106014311314e-05]
672,72,10000000,6884176,2.344933900050819,3.134264499996789,4.432550900033675,[3.160000778734684e-05]
673,73,10000000,8871598,2.249673900078051,3.056277700001374,5.7264150000410154,[3.550003748387098e-05]
674,74,10000000,4787123,2.2728728000074625,1.4728491998976097,3.1092178999679163,[4.710000939667225e-05]
675,75,10000000,6012325,2.2233144999481738,0.5645238000433892,3.8676800000248477,[6.340001709759235e-05]
676,76,10000000,4949482,2.315142899984494,0.06808120000641793,3.250538200023584,[5.230004899203777e-05]
677,77,10000000,9401489,2.2766229000408202,0.4166374000487849,6.029232100001536,[3.979995381087065e-05]
678,78,10000000,1750305,2.2673998000100255,1.4785538000287488,1.1506413000170141,[3.0800001695752144e-05]
679,79,10000000,904796,2.3097905999748036,2.77562960004434,0.6274024000158533,[3.4100026823580265e-05]
680,80,10000000,3638759,2.3054440999403596,3.316640099976212,2.3703783000819385,[4.5900000259280205e-05]
681,81,10000000,6488301,2.353825800004415,2.4397206000285223,4.075759000028484,[2.489995677024126e-05]
682,82,10000000,3641726,2.2622308999998495,2.213446700014174,2.3964343999978155,[4.6600005589425564e-05]
683,83,10000000,8849647,2.3098565000109375,3.283744999906048,8.047653599991463,[3.1100003980100155e-05]
684,84,10000000,9519565,2.852987900027074,1.9616442000260577,8.218359700054862,[6.339990068227053e-05]
685,85,10000000,2767166,2.269329100032337,1.8825935000786558,1.7587330000242218,[5.559995770454407e-05]
686,86,10000000,562265,2.26913929998409,2.140888800029643,0.37227719998918474,[4.120008088648319e-05]
687,87,10000000,7066803,2.272414300008677,2.4437049999833107,4.465249800006859,[5.40000619366765e-05]
688,88,10000000,5921548,2.252141800010577,0.21561680000741035,3.8077236000681296,[4.3899985030293465e-05]
689,89,10000000,7123238,2.2983817000640556,1.6101269000209868,4.635311299934983,[3.600004129111767e-05]
690,90,10000000,4885457,2.338426599977538,2.5105178999947384,3.1557729999767616,[4.12999652326107e-05]
691,91,10000000,253223,2.427137100021355,0.901983700110577,0.1810908999759704,[4.630000330507755e-05]
692,92,10000000,1119975,2.239168200059794,2.0691866000415757,0.7501796000869945,[3.290001768618822e-05]
693,93,10000000,1494900,2.2544597999658436,4.496963700046763,0.9475556999677792,[3.3400021493434906e-05]
694,94,10000000,8673844,2.258271500002593,1.0079876999370754,6.3048490000655875,[5.200004670768976e-05]
695,95,10000000,9058824,2.427753399941139,3.27752910007257,6.003944700001739,[4.0599959902465343e-05]
696,96,10000000,3391913,2.4689554000506178,3.6775285999756306,2.2121910999994725,[3.50000336766243e-05]
697,97,10000000,9521415,2.3269175000023097,3.220129899913445,6.181131900055334,[4.700000863522291e-05]
698,98,10000000,9695565,2.861616599955596,3.41847539995797,8.10566200001631,[4.650000482797623e-05]
699,99,10000000,2964375,2.9233470999170095,4.350011899950914,1.9047080999007449,[4.8600020818412304e-05]
